# uid	nome	categoria	simbolo	larghezza (cm)	rotazione	quota da terra	autore	licenza
f93be18847144f1fbd87930d2070cb71	Applique in ottone	Luci	Lamp	35	0	170	Matt LeMoine	CC-BY 4.0
33eb258d9873435690254cfbb0ea46ec	Lampada da terra classica	Luci	Lamp	40	0	0	bilgehan.korkmaz	CC-BY 4.0
2d95746c71724633baf24d8066ecf8db	Lanterna da giardino	Esterni	Lamp	50	0	0	MarcHoogkamp	CC-BY 4.0
71853da424aa4b208e14f6cf430339ae	Lampione da giardino	Esterni	Lamp	40	0	0	U-like	CC-BY 4.0
813f5aeef3f3430d947f3879c6941719	Lampada con paralume	Luci	Lamp	40	0	75	Blender3D	CC-BY 4.0
b843c63d853a4b788a6a6b1aad4b2c15	Sedia Savonarola	Pranzo	Chair	50	0	0	FlukierJupiter	CC-BY 4.0
d601c2907f114376bf9826272d686e81	Sedia bistrot	Pranzo	Chair	50	0	0	gerardusnl0	CC-BY 4.0
85e1abf52baa462a8934b6760a772763	Sedia con braccioli	Pranzo	Chair	50	0	0	Ferot	CC-BY 4.0
b10ee58a01b649d381598d899850176c	Sedia anni '50	Pranzo	Chair	50	0	0	pleatham	CC-BY 4.0
b4f70c646b234217b091fd97bd39e70d	Sedia in metallo	Pranzo	Chair	50	0	0	andree	CC-BY 4.0
99fc178ecc0943ae81454a3735e2eb5f	Sedia bianca	Pranzo	Chair	50	0	0	andree	CC-BY 4.0
039c6026571943d6ac45c6816bcc7ff1	Sedia a dondolo in legno	Soggiorno	Armchair	60	0	0	Christian	CC-BY 4.0
3177fdf2630c4922a43fecb876d96e1d	Sedia da ufficio	Studio	Chair	60	0	0	Polygonal Mind	CC-BY 4.0
c20ff73f6713422591842e29a698230b	Sedia Windsor nera	Pranzo	Chair	50	0	0	sskjellestad	CC-BY 4.0
c17577daa87849d09960669606c0ce27	Tavolino in legno	Soggiorno	Table	110	0	0	Athlas	CC-BY 4.0
f4031bb5f7e64ebca4c37d4fa5ba6e8d	Tavolino basso	Soggiorno	Table	110	0	0	doplerato	CC-BY 4.0
b0c0c9c65d06443c87391134a62e2287	Tavolino tondo design	Soggiorno	RoundTable	90	0	0	Pascal T. Monette	CC-BY 4.0
e386f2abfefd423b8ab7cb967d79a200	Tavolino a colonna	Soggiorno	RoundTable	60	0	0	AbhishekSons001	CC-BY 4.0
4ae706aa53c043fa8261ebf40f580303	Pianta tropicale	Piante	Plant	50	0	0	KJ	CC-BY 4.0
f6b9a886d7ba46f680632ea18cb83da9	Letto in legno	Camera	Bed	212	90	0	Asylum Nox	CC-BY 4.0
9f5156a82f2f4d0a870f868458643eff	Divano angolare blu	Soggiorno	CornerSofa	260	0	0	Antonio Rossini	CC-BY 4.0
0ed4312fc8314a85a99fae56e5f0dbe5	Chaise longue	Soggiorno	Sofa	170	0	0	Xarpie_Labs	CC-BY 4.0
a2b2fe2fd52f4a3b9830d3a54cd99463	Divano con pouf	Soggiorno	Sofa	230	0	0	ROH3D	CC-BY 4.0
caf017136b334e22acc1b95d9b766bf3	Divano con plaid	Soggiorno	Sofa	220	0	0	SaySaen	CC-BY 4.0
9fb7c54715dd41b98b3dc67b367cf81d	Letto a castello bianco	Camera	Bed	200	270	0	Blender3D	CC-BY 4.0
c505ffffc1524865ba63af837346f1f7	Letto a castello in legno	Camera	Bed	200	90	0	Francesco Coldesina	CC-BY 4.0
6d633339bc2e4ab79d2153cf4c925140	Letto a castello rosa	Camera	Bed	200	270	0	phuochuynh075	CC-BY 4.0
a16da813df1e4eb2bd04ef8c179ebdaf	Letto a castello con scaletta	Camera	Bed	200	90	0	mspurlock1	CC-BY 4.0
7e5f290cf4474aba93979b6c7244f142	Letto a castello in metallo	Camera	Bed	200	90	0	JustBlender	CC-BY 4.0
b005d2125a1545ad9e0994e0deb5e82e	Microonde bianco	Cucina	Appliance	50	0	90	hoschu	CC-BY 4.0
6e4cc39012504c99b7841314f2218e0e	Microonde nero	Cucina	Appliance	50	0	90	Maria Savelyeva	CC-BY 4.0
c4a85fc7317f45949da909f983efcde1	Microonde in acciaio	Cucina	Appliance	50	0	90	P3TroV	CC-BY 4.0
26d52ce7c2d2461eb0625875bffbe0f0	Orologio a cucù	Decori	Plant	35	0	150	Slav92	CC-BY 4.0
6ede129be11e43cea5c279e34a7eddaa	Pendolo classico	Decori	Cabinet	50	0	0	Erinada	CC-BY 4.0
132b635ab00748ab905bbc279497d6d9	Tavolo bianco	Pranzo	Table	160	0	0	TheDrone	CC-BY 4.0
595d93b528a64fdf962a46ed800c7125	Tavolo scuro	Pranzo	Table	160	0	0	animefunzone	CC-BY 4.0
63e4d8faac73435fa7e9e929baa2c175	Tavolo con tovaglia blu	Pranzo	Table	160	0	0	DeCloud	CC-BY 4.0
77ec465b45574d12bf527a26ece473e8	Tavolo quadrato	Pranzo	Table	90	0	0	robertrestupambudi	CC-BY 4.0
c3bb117172b2403c8db450ff57f76d09	Camino classico	Soggiorno	Cabinet	140	0	0	Laetitia Irata	CC-BY 4.0
b65f907196434f32b69df6c9359896e8	Sgabello da bar in metallo	Pranzo	Chair	40	0	0	grafi	CC-BY 4.0
5734834b9c0d436c9b581cf2257666bf	Sgabello alto in legno	Pranzo	Chair	40	0	0	Brandon Westlake	CC-BY 4.0
8ab0baf0f68f42788285e4f952c454ba	Sgabello da pianoforte	Pranzo	Chair	40	0	0	learly	CC-BY 4.0
aaeebbd60366461d98bdd275508788fb	Sgabello industriale	Pranzo	Chair	40	0	0	alexworkflows	CC-BY 4.0
309ccba7b2cb40a6bfffb89f498fc54c	Armadio intagliato	Camera	Cabinet	120	0	0	NoMoreFeelings	CC-BY 4.0
d367f2a1e96644c7afd46fdd47659a69	Credenza con vetrina	Camera	Cabinet	120	0	0	mercurio22	CC-BY 4.0
b46803ba0bc64e12b31f832fb761c4e0	Vetrinetta	Camera	Cabinet	70	0	0	Blender3D	CC-BY 4.0
ae47fb3d061045569f1089aaabd840ca	Poltrona capitonné	Soggiorno	Armchair	85	0	0	VoGAn	CC-BY 4.0
8ab8caf90a0b4d47ac2dc7911febfa66	Poltrona antica	Soggiorno	Armchair	85	0	0	Graham	CC-BY 4.0
6e35f6fdf1264db4880049b802f18ea2	Poltrona bergère verde	Soggiorno	Armchair	85	0	0	A18K	CC-BY 4.0
81ae47aa25664054830ca39cb9fa071d	Poltrona bergère bianca	Soggiorno	Armchair	85	0	0	DarksProducer	CC-BY 4.0
09ee59423b4b428f94f01fc5beccd227	Poltrona rossa	Soggiorno	Armchair	85	0	0	Batuhan13	CC-BY 4.0
f5ca70f46c5549b8a754ee1abf42af68	Poltrona beige	Soggiorno	Armchair	85	0	0	andree	CC-BY 4.0
f7f99449b896488fa6d468e70518b21d	Poltrona viola	Soggiorno	Armchair	85	0	0	Olena_Skrypka	CC-BY 4.0
75aa9519195647d99cf1e2d4863dbe87	Libreria a vetri	Soggiorno	Cabinet	180	0	0	Lorenzo Drago	CC-BY 4.0
51d928b33e5549898cc86cbdaf966d83	Libreria con libri	Soggiorno	Cabinet	90	0	0	Agustín Hönnun	CC-BY 4.0
3c782b0787cc41f1b5974dbd7a1f8f53	Libreria grande	Soggiorno	Cabinet	200	0	0	filthycent	CC-BY 4.0
aa9a7f23471a4bb6b461d5240c2bf1a7	Libreria azzurra	Soggiorno	Cabinet	70	0	0	M.Reslan	CC-BY 4.0
ed92cac6b8d64ea48ea4f91ce9bf350b	Televisore anni '60	Elettrodomestici e TV	Tv	70	0	0	donnichols	CC-BY 4.0
f0d343ecdbcb4fea80536550a8a2fb03	Mobile TV vintage	Elettrodomestici e TV	Tv	100	0	0	Warkarma	CC-BY 4.0
6813826f9126436fa1248d7eeb792f66	Televisore portatile	Elettrodomestici e TV	Tv	40	0	50	B Domeier	CC-BY 4.0
d5e784aa92464572af37264c3b3d2fa6	Sedia a dondolo classica	Soggiorno	Armchair	65	0	0	jeltato	CC-BY 4.0
aebc93f3a0c443bd94a08f934323982d	Sedia a dondolo scura	Soggiorno	Armchair	65	0	0	Lightningx	CC-BY 4.0
897ce33a65d04bb69eb3d87d0742464f	Sedia a dondolo imbottita	Soggiorno	Armchair	65	0	0	DragonJojo	CC-BY 4.0
10de91400b454d0fb04e23f699c95cf3	Sedia a dondolo rosa	Soggiorno	Armchair	65	0	0	Microsoft	CC-BY 4.0
b01d81c8f6d341c389b3f4dba84aa3f0	Poltrona a dondolo moderna	Soggiorno	Armchair	70	0	0	anti4anti	CC-BY 4.0
7370199a9ce64332ad9f76a0e14273ca	Vaso bianco e blu	Decori	Plant	30	0	0	Gonçalo Miranda	CC-BY 4.0
e7caba92073d4adba3477c21aa25e91f	Vaso celadon	Decori	Plant	30	0	0	crowempires	CC-BY 4.0
c3102c6cd57c4e60abe4ce9d0c3a41d3	Anfora in terracotta	Decori	Plant	30	0	0	Batuhan13	CC-BY 4.0
a2b2645701c94fa49e65661806219c6b	Letto matrimoniale moderno	Camera	Bed	212	90	0	thethieme	CC-BY 4.0
6251708b41514ee6b4fec0e3955c4b69	Letto singolo in ferro	Camera	Bed	205	0	0	Viktor Kiseliov	CC-BY 4.0
34cdfe3cfc4f467bad8fb088a3949f3d	Letto in legno scuro	Camera	Bed	212	90	0	Shedmon	CC-BY 4.0
3ed408980a9b4f9396a7f7c48ec50aa4	Letto in ferro battuto	Camera	Bed	212	0	0	cebraVFX	CC-BY 4.0
81ada0e24e1647d8a0d6d0708a696f84	Letto bianco a spalliere	Camera	Bed	212	180	0	rhcreations	CC-BY 4.0
6eb4212e70b941a3bd2db196a47828b9	Letto moderno bianco	Camera	Bed	212	90	0	Mohamed199	CC-BY 4.0
40f477d4d4b24d9a9e9f15f0f8e351b1	Panca capitonné	Soggiorno	Sofa	180	0	0	oscarherry3d	CC-BY 4.0
08743fb0f09d45e4bb596d337abb8072	Divano bianco classico	Soggiorno	Sofa	200	90	0	MoukhaR	CC-BY 4.0
bcaaf6766b1049eeab7c63aa463fbf5a	Divano nero con coperta	Soggiorno	Sofa	200	0	0	laanita	CC-BY 4.0
1bf0a5e504584e2ea60ca6eedc4509e9	Divano in pelle marrone	Soggiorno	Sofa	200	270	0	benlemoine	CC-BY 4.0
3711e52c0f3d41b18123326eee6e2661	Divano componibile	Soggiorno	CornerSofa	280	0	0	lehxra	CC-BY 4.0
92c07eb07c134106af3e0c2bfcb4fc7e	Cucina con doppio forno	Cucina	Hob	90	0	0	media_mas	CC-BY 4.0
056c4e7895834a4e8661c3e27b51583c	Lavatrice	Cucina	Appliance	60	0	0	DimaSP	CC-BY 4.0
43ca47cd6473442cbaed866fa3633278	Lavatrice a carica dall'alto	Cucina	Appliance	45	0	0	djangospel	CC-BY 4.0
389d5427a1f344c4aa4883ec5a6aaf05	WC moderno	Bagno	Toilet	65	90	0	Shedmon	CC-BY 4.0
24d1b493899d407780140688abae19bc	WC con cassetta	Bagno	Toilet	65	0	0	Xill	CC-BY 4.0
23fa151346304c8bb8c58f58a76e6407	Scrivania nera	Studio	Desk	140	90	0	Blender3D	CC-BY 4.0
03c075bb284840b1bd3fb2a28c910f59	Scrivania con computer	Studio	Desk	130	0	0	Shadow_pryo	CC-BY 4.0
ae41fa78e18748ab89571113754ea59a	Scrivania classica	Studio	Desk	150	0	0	Vargow	CC-BY 4.0
5847113c458f4a2483aedd663376c7de	Set da pranzo bianco	Pranzo	Table	200	0	0	Jainesh Pathak	CC-BY 4.0
f8f4a3bbf71e4300a2472c82bc305de9	Set da pranzo scuro	Pranzo	Table	200	0	0	Purkkiananas	CC-BY 4.0
b7f753028d354b419de1dcd966ab9f60	Set da pranzo rustico	Pranzo	Table	200	0	0	Yusuf Can Çevik	CC-BY 4.0
5f235f066a9a416fb7177496a9117ec7	Set da pranzo grigio	Pranzo	Table	200	0	0	tadeus	CC-BY 4.0
8a1a2e0263aa401591c1e87d824a79ef	Termosifone a colonne	Elettrodomestici e TV	Cabinet	80	0	0	thethieme	CC-BY 4.0
5860d67cf13c41c9903a7f7de86c7187	Termosifone a pannello	Elettrodomestici e TV	Cabinet	80	0	0	Jiří Kuba	CC-BY 4.0
43f24fc3576549e092a976a61cd98aef	Termosifone in ghisa	Elettrodomestici e TV	Cabinet	60	0	0	GiyoP	CC-BY 4.0
6c7858341c08466082912d2095417939	Panchetta imbottita	Soggiorno	Armchair	110	0	0	cebraVFX	CC-BY 4.0
2c51399de3d3439383dcabef349d72b0	Pouf capitonné	Soggiorno	Armchair	45	0	0	farazghani	CC-BY 4.0
4478d3dd074b40ee96fcbcb227e5a732	Pouf rotondo	Soggiorno	Armchair	60	0	0	Virtual Museums of Małopolska	CC0
7c8b2bee6d7943329b78acf84b991a78	Pouf blu capitonné	Soggiorno	Armchair	55	0	0	3D Error 404	CC-BY 4.0
a2f2aef33fb942cc9d72d13df8a8b09f	Pouf grigio	Soggiorno	Armchair	80	0	0	pixol3d	CC-BY 4.0
184baa16500841ef86fdc94e62017e58	Specchio dorato	Decori	Cabinet	60	0	100	allyc3d	CC-BY 4.0
68a8a9f27f6f4fb3b9d568bbb5db1086	Specchio ovale	Decori	Cabinet	60	0	120	Arnold Konrad	CC-BY 4.0
02f2bd71a28a421c87288b35524df8d0	Toletta	Camera	Cabinet	90	0	0	chervinin	CC-BY 4.0
a3ad19a9186b445b9fae07f9f36f3bce	Specchio ad arco	Decori	Cabinet	60	0	100	mohamedhussien	CC-BY 4.0
444277a220bb45f1bead2fe4973ba671	Credenza bianca	Cucina	Cabinet	110	0	0	Pedro Silva	CC-BY 4.0
4ecb4b2226e24233b1806925897b66e1	Madia scura	Cucina	Cabinet	180	0	0	korolevalidia	CC-BY 4.0
1b12ef6f030448e0aafe3ca1157d1714	Colonna a giorno	Cucina	Cabinet	45	0	0	Jayanth Thirdeye	CC-BY 4.0
5c18cf20f0484d76b44ca31b57198820	Armadietto alto	Cucina	Cabinet	60	0	0	BriannaRhine	CC-BY 4.0
041ff9ca49ac4bcaa8e3f07417702c75	Mobile con cassetti	Cucina	Cabinet	140	0	0	OmegaRedZA	CC-BY 4.0
9e194868da754d55afc876127dc8f74b	Mobile vetrina scuro	Soggiorno	Cabinet	70	0	0	matejbiskup97	CC-BY 4.0
2554c38364d0432dba69bf721fb14e5e	Credenza con piano in marmo	Soggiorno	Cabinet	180	0	0	Francesco Coldesina	CC-BY 4.0
a3c221e5504d40a8ba019f8f1bf5ab0e	Armadio classico	Soggiorno	Cabinet	100	0	0	Kuutti Siitonen	CC-BY 4.0
64edd65e1ec7492ebb7c1a8b0cb1f5eb	Vetrinetta antica	Soggiorno	Cabinet	60	0	0	Jonny Crabb	CC-BY 4.0
ce1a06f7cbe1425099a145f851fc5dee	Lavabo sospeso	Bagno	Sink	60	0	65	Shining Salt	CC-BY 4.0
73bda35b6e7a499a80427fc1b049b192	Lavabo quadrato	Bagno	Sink	60	0	65	Andrew.Mischenko	CC-BY 4.0
493b70a6177d4a1385b6b0ce041a93b0	Lavabo a colonna	Bagno	Sink	60	0	0	GroundZer0	CC-BY 4.0
1c74372d1aeb4bf2abb90358352d4282	Lavabo da appoggio	Bagno	Sink	60	0	85	Lonit	CC-BY 4.0
295384601e0d4f1985a919253330d59d	Lavello nero	Cucina	Sink	80	0	85	Stala	CC-BY 4.0
5ec9697d85654005b27fd29bd6df987e	Divano angolare rosa	Soggiorno	CornerSofa	260	0	0	VRA	CC-BY 4.0
ef3832963ab24d129ec88fd4cac4818f	Divano rosa capitonné	Soggiorno	Sofa	200	0	0	Vitor.GomesPT	CC-BY 4.0
9cef8fd19dd84684b91830f35cc54d4f	Divano con penisola grigio	Soggiorno	Sofa	260	0	0	Heliona	CC-BY 4.0
9b1e09abe5e34d6397937ebf59901898	Divano moderno grigio	Soggiorno	Sofa	220	0	0	Smitty__Werben	CC-BY 4.0
9c242421a7c1447f941f72b57e7473e5	Divano antracite	Soggiorno	Sofa	210	0	0	Samiix3D	CC-BY 4.0
42da0122f2134a189767d0911b401c1c	Divano azzurro	Soggiorno	Sofa	210	0	0	elijahorama	CC-BY 4.0
dd5f87e5b8644111b8180515eed4c54e	Panchina da giardino	Esterni	Chair	150	0	0	3DMish	CC-BY 4.0
118e358d76a642329b51c5cdd2ffc1c6	Panchina moderna	Esterni	Chair	160	0	0	Elasta Kristya	CC-BY 4.0
378cd6e6f505493aa8e22f68db1cabec	Panchina da parco	Esterni	Chair	160	90	0	Peter Primini	CC-BY 4.0
8958d5065ce94a54b12d03568a0b45e7	Frigorifero bianco	Cucina	Appliance	70	90	0	Zian	CC-BY 4.0
2071bda681b642218b6829b82e4fd93b	Frigorifero con freezer	Cucina	Appliance	70	0	0	Glowbox 3D	CC-BY 4.0
14b8ae60eae240ff8bf1abdf9af5e49c	Frigorifero americano	Cucina	Appliance	90	0	0	alexworkflows	CC-BY 4.0
e46deaab889548948a31e4264de61e5a	Isola con lavello	Cucina	Sink	180	90	0	euanford12321	CC-BY 4.0
7838ed8612c5496095e78aff45970c1e	Lavello doppio in acciaio	Cucina	Sink	90	0	85	LuddePudde	CC-BY 4.0
fa65acd9358f4e639e5ff13c66aff2f1	Isola cucina moderna	Cucina	Cabinet	180	0	0	synistersyrup	CC-BY 4.0
faa0dd7693dd4265aaa509b3eb81304c	Divanetto Chesterfield bianco	Soggiorno	Sofa	160	0	0	dashaa10	CC-BY 4.0
e72df1d4ff5240fb93ee0ac0565dc443	Divanetto bianco	Soggiorno	Sofa	160	0	0	michael_m	CC-BY 4.0
5916a75d1db34ba19f506ed89ad18ce0	Divanetto arancio	Soggiorno	Sofa	160	90	0	Richard Tongeman	CC-BY 4.0
602ed4eef5844908960e33f0d86e80b4	Divanetto rosso	Soggiorno	Sofa	160	90	0	Richard Tongeman	CC-BY 4.0
79c250ae659e470095170269a5fd487b	Divano scandinavo	Soggiorno	Sofa	170	0	0	Ambriel	CC-BY 4.0
786e6d1ad19444f69da7bbec161d5eee	Divanetto grigio	Soggiorno	Sofa	160	90	0	Henrique Godoy	CC-BY 4.0
b9458e04d30e4b6284d46d35880a9b95	Lampada da banchiere	Luci	Lamp	35	0	75	HASSAN	CC-BY 4.0
2fd7954d31dc47d7a48f9e0cb8faeeba	Lampada con paralume beige	Luci	Lamp	35	0	75	Frank Heuver	CC-BY 4.0
20e01053fa0a4933b46f8ea00f8c6e1d	Lampada da lettura	Luci	Lamp	30	0	75	sudreyskr	CC-BY 4.0
346d74713027437992db6afabb768694	Lampada classica bianca	Luci	Lamp	30	0	75	AleixoAlonso	CC-BY 4.0
b3a99e956be64ab6958f7f5e1895f031	Armadio grigio	Camera	Cabinet	150	0	0	seenoise	CC-BY 4.0
1c19c1e1c38c4e1b84d6d420ac312cea	Armadio rosso con vetri	Camera	Cabinet	110	0	0	media_mas	CC-BY 4.0
d0f8edca337b43338674ca392f36c4df	Credenza vittoriana	Camera	Cabinet	150	0	0	Dokazvo	CC-BY 4.0
21e9c031f3e74612891befaad6e228d3	Tavolino bistrot	Pranzo	RoundTable	70	0	0	DarvinAbraham	CC-BY 4.0
0c1ec5c3e561484686b251fec88189f8	Scrivania regolabile	Studio	Desk	140	0	0	RanPro	CC-BY 4.0
ebfe7e99963d475dbf925acd959b613e	Tavolo con panche	Cucina	Table	200	0	0	caveScholar	CC-BY 4.0
0a46621504c24197b5653608f474f73b	Mobiletto blu	Camera	Cabinet	70	0	0	Darren McNerney 3D	CC-BY 4.0
965ea1540fbe474e86717cbd45cd36a2	Settimanale	Camera	Cabinet	50	0	0	Francesco Coldesina	CC-BY 4.0
15997fe949024e51b4a2cf8df3fe3b5a	Scrivania antica	Studio	Desk	150	0	0	Maxence Rouillet	CC-BY 4.0
a8c06fd4d1a34c60ad37db4a487507c3	Cassettiera bianca	Camera	Cabinet	150	0	0	Interiors3D	CC-BY 4.0
29451febdc894682a36a5112fd13f054	Lettino	Camera	Bed	125	0	0	roatti	CC-BY 4.0
dbb8dec952c0450ba58fb4f75abf86ec	Culla in legno	Camera	Bed	125	0	0	kplas1	CC-BY 4.0
fe58e81e5fa940319e79796e23053182	Pianoforte verticale	Soggiorno	Cabinet	150	0	0	Vincent074	CC-BY 4.0
371090c279ff4e77a59acdebc25b5892	Pianoforte a coda	Soggiorno	Cabinet	180	0	0	farhad.Guli	CC-BY 4.0
7c5c9dec5c2e4ff998c386410b0e3686	Cucina con forno	Cucina	Hob	60	0	0	Daniyal Malik	CC-BY 4.0
7fc92abc3b6a449f881c6baba58e5866	Cucina a quattro fuochi	Cucina	Hob	60	0	0	Blackoutgfx	CC-BY 4.0
349f07ecd7704df6b4e7112037f72af2	Poltrona rosa	Soggiorno	Armchair	90	0	0	Giovani Ivasco	CC-BY 4.0
aa2acddb218646a59ece132bf95aa558	Sedia da gaming	Studio	Chair	70	0	0	haytonm	CC-BY 4.0
d3aaffde4b3f4af2842a5def1effaf0e	Poltrona reclinabile	Soggiorno	Armchair	90	0	0	Mahmudul Hasan	CC-BY 4.0
974e74f55bbd4dc9a85c4a48fc987a18	Lettino prendisole	Esterni	Chair	190	0	0	rodestrela	CC-BY 4.0
4b6e9edf168d4520b86e0738c09b3830	Poltrona rossa moderna	Soggiorno	Armchair	90	0	0	ViktorianWios	CC-BY 4.0
9c02ef66b6ad41889b324bba06805c93	Lampadario viola	Luci	Lamp	70	0	soffitto	Peardian	CC-BY 4.0
fb1d8d60d3354b7d888741de33090f23	Lampadario in ferro	Luci	Lamp	70	0	soffitto	djangospel	CC-BY 4.0
14f036886e984c6cb8942f7a86e2a96b	Lampadario a candele nero	Luci	Lamp	80	0	soffitto	KGBurger	CC-BY 4.0
ba90f173220944eea071e7839547ee4e	Lampadario rustico	Luci	Lamp	80	0	soffitto	Espen Lindahl	CC-BY 4.0
29392dd175444772881f62436af56397	Lampadario di cristallo	Luci	Lamp	70	0	soffitto	Apophisie	CC-BY 4.0
202cbb2a22ea4dda80160ec89a77dc39	Lampadario in ottone	Luci	Lamp	80	0	soffitto	IronEqual	CC-BY 4.0
0849e24b30184cd78220783b8c185a8f	Vasca con piedini	Bagno	Tub	170	0	0	Shedmon	CC-BY 4.0
4a37f0744b7043c0b52253d9cba02fbc	Vasca con doccia	Bagno	Tub	170	0	0	TheUnrealFaiZ	CC-BY 4.0
674b6c07743e4f569d4b745949d1a0f1	Vasca freestanding	Bagno	Tub	170	0	0	Henry VIII	CC-BY 4.0
800d3c5569b94abfa2da7976504d589d	Vasca rettangolare	Bagno	Tub	170	0	0	patrakeevasveta	CC-BY 4.0
bef1917591e245aeb0a7700e33ff0b90	Stufa a legna	Soggiorno	Appliance	60	0	0	Superior as a Leaf	CC-BY 4.0
28cf19822d954753a9173ebc09f77cf3	Cuscino bianco	Decori	Rug	50	0	45	3DMish	CC-BY 4.0
eef01b5f8ab14e3d8304bf6b437f2760	Cuscino avorio	Decori	Rug	50	0	45	Vegar Svenning	CC-BY 4.0
b1e50932b5bc496daa1f52837c844556	Cuscino nero	Decori	Rug	50	0	45	Erroratten	CC-BY 4.0
47a08beda8ae415fa22f27087cc499cd	Cuscino rosa antico	Decori	Rug	50	0	45	SusanKing	CC-BY 4.0
76c11a5e35b942c7ab707aa84c5cacc7	Cuscino blu	Decori	Rug	45	0	45	Paul Subert	CC-BY 4.0
169d7e568e594e0780f5742c48a9e3b0	Cuscino lungo	Decori	Rug	70	0	45	challe3d	CC-BY 4.0
c9c5648e16fa4ce18b80499ad8f4d277	Poltroncina koala	Camera	Armchair	60	0	0	Phuc Nguyen	CC-BY 4.0
ffedc1b62f8d485bb19392c6d33fb71d	Cuscini decorativi	Decori	Rug	60	0	45	khanhnguyen1189	CC-BY 4.0
1f54a72db6744f83aea120c84e2cc2bf	Cuscino per schienale	Decori	Rug	35	0	45	neoraptor	CC-BY 4.0
022f2092ded7436ca793f1948d7db12f	Pouf capitonné grigio	Soggiorno	Armchair	60	0	0	yryabchenko	CC-BY 4.0
00a57bbd1c894a7cb9e45ec396a8f660	Cavalletto con tela	Studio	Plant	60	0	0	alban	CC-BY 4.0
efb6a0a74d0742e7954e80e33392899e	Cavalletto da pittore	Studio	Plant	60	0	0	Ringo Gunther	CC-BY 4.0
3bfc45bc729c434aaf7c782ac12d66ca	Quadro in legno	Decori	Tv	80	0	140	kulturschokolade.org	CC-BY 4.0
49fc5dd4bdc34951b29fb43aaaa9f3b5	Quadro grigio	Decori	Tv	80	0	140	kulturschokolade.org	CC-BY 4.0
4182dd9459994e22a883069bc41fea68	Quadro rosa	Decori	Tv	60	0	140	studioalexisrousseau	CC-BY 4.0
8e09e36becc84eb290697ec49a1f3f15	Cornice scura	Decori	Tv	70	0	140	maddykrob	CC-BY 4.0
6a83113968ac40d5848d10e5a6536982	Baule in legno	Camera	Cabinet	90	0	0	Leo Isidro	CC-BY 4.0
bd980400cfd04ab9aaa8dcf3310c4256	Baule a colonna	Camera	Cabinet	45	0	0	Gunnar Correa	CC-BY 4.0
65df7c2d34ca47d4ae0c0e2b91850ee7	Rose	Piante	Plant	40	0	75	Makovetkyi Volodymyr	CC-BY 4.0
3f97dc47b0fd4b1382f169d2f1d3b309	Composizione verde	Piante	Plant	50	0	75	RosticOstafi	CC-BY 4.0
dd034b35949f4d0182b576565e54b52b	Fiori in vaso	Piante	Plant	25	0	75	Pooja_Maurya	CC-BY 4.0
0faf4ddffcd14326bfb5717c24f6e2b4	Palme in vaso	Piante	Plant	80	0	0	ZoeChuiYan	CC-BY 4.0
e0417d1e05984727a50f9ab1451d162d	Lanterna giapponese	Esterni	Lamp	40	0	0	Sahir Virmani	CC-BY 4.0
5718fec0c54f42bcb87be258c39b168b	Lanterna in pietra	Esterni	Lamp	40	0	0	mrudkovsky	CC-BY 4.0
07a7bb0587774d00a15414b5126a1889	Pagoda in pietra	Esterni	Lamp	50	0	0	Shaquille Horton-Mcglaston	CC-BY 4.0
0f5cff9fb78b4657b26ddefff4e10fcf	Lanterna da terra	Luci	Lamp	40	0	0	K	CC-BY 4.0
143e8602ebc84f88b08f63f6b1fb4cf6	Orologio da parete grigio	Decori	Plant	40	0	170	BlackCube	CC-BY 4.0
2c759000b56347bdb5adf8ce83eeada1	Orologio a raggi	Decori	Plant	60	0	170	Ruslan Malovsky	CC-BY 4.0
8c95c5e879f24f8294d9c8c25804ab95	Orologio da parete tondo	Decori	Plant	35	0	170	plaggy	CC-BY 4.0
a8bf334c411b4acaa2dcfc827f28ebf6	Orologio da parete classico	Decori	Plant	35	0	170	game_travel	CC-BY 4.0
5d51a5e31ee84792a18046a2a8df8bdd	Orologio a numeri romani	Decori	Plant	60	0	170	serrozbif	CC-BY 4.0
0318ad51a7294885b452ff4f408353ba	Mappamondo su piedistallo	Studio	Plant	55	0	0	SneakyMrRed	CC-BY 4.0
78b47132c6be42bcb664545a69b380d9	Mappamondo antico	Studio	Plant	45	0	75	mtcollings	CC-BY 4.0
b57c5788aadb426784b30fc9b6d4cd0f	Sfera armillare	Studio	Plant	50	0	75	Virtual Museums of Małopolska	CC-BY 4.0
725273fbdde54a1babaf6ce1c95b96b4	Casse acustiche da terra	Elettrodomestici e TV	Cabinet	50	0	0	yryabchenko	CC-BY 4.0
3cb0c95b955747aea22476264eecf390	Cassa acustica nera	Elettrodomestici e TV	Cabinet	30	0	0	Simon Pasi	CC-BY 4.0
b2e3d6ecef4e40d994066416c395bf0a	Casse da scaffale	Elettrodomestici e TV	Cabinet	40	0	0	Condo	CC-BY 4.0
7609bd23a74f408694fb4847ae69b3dd	Casse compatte	Elettrodomestici e TV	Cabinet	40	0	0	bossdeff	CC-BY 4.0
6ca6a0a3aee340e3a047cb0682d3717c	Cassa su treppiede	Elettrodomestici e TV	Cabinet	60	0	0	steveMarketscale	CC-BY 4.0
576e6bcadb764bb5ad91bf48d93a95a5	Bidone della spazzatura	Cucina	Appliance	60	0	0	Holydust	CC-BY 4.0
a4ca1a1764e841cc9ce9259e699aebd9	Pattumiera in acciaio	Cucina	Appliance	45	0	0	katykate	CC-BY 4.0
6dfba42794e445719010caf0a1ceca7c	Cestino	Cucina	Appliance	30	0	0	katykate	CC-BY 4.0
bb540fc9fcb04a5aa13a5d9b72918f8f	Cestino a rete	Cucina	Appliance	30	0	0	Bryan	CC-BY 4.0
bb7e9cf4496f420c8d825d2e507f124b	Cesto del pane	Decori	Plant	45	0	75	Francesco Coldesina	CC-BY 4.0
2cd59181404c4aaa995a0ea55f89e212	Cesto in paglia	Decori	Plant	45	0	0	Jacek Jaskólski	CC-BY 4.0
a0b900d9de78485bad2534a88e2c19c4	Cesto con manico	Decori	Plant	45	0	0	Lauren Herda	CC-BY 4.0
7ec228e046b84b89bf1edd74598e55b8	Cassetta portaoggetti	Decori	Plant	50	0	0	Veufx Studio	CC-BY 4.0
4ec9181f5f274cacb2138714202020d1	Cesto in vimini ovale	Decori	Plant	60	0	0	Daniyal Malik	CC-BY 4.0
7f9fa41bc5ae400fbd6e7c33410b776f	Ventilatore da tavolo	Elettrodomestici e TV	Appliance	35	0	75	hoschu	CC-BY 4.0
87b4aecaf25a424a81f76d7c5da5b701	Ventilatore vintage	Elettrodomestici e TV	Appliance	35	0	75	LLIypuk	CC-BY 4.0
8bfedaad32ae46fcaaf6ce2203a5ae4c	Ventilatore in ottone	Elettrodomestici e TV	Appliance	40	0	75	jjang	CC-BY 4.0
bedd61104d3b458b93fe2c78874ae8e0	Lanterna di carta	Luci	Lamp	35	0	soffitto	Mizuchi Sensei	CC-BY 4.0
0002e50309b44e409c96f440202d90b3	Lampada in porcellana	Luci	Lamp	35	0	75	cemayhan	CC-BY 4.0
02c4ee90724144fba9cb896602318f2d	Lampada moderna	Luci	Lamp	35	0	75	Ioana Oprisan	CC-BY 4.0
d574d3b45b0e4cb78ef3fdb08039143c	Lampada a paralume grigio	Luci	Lamp	40	0	75	khanhnguyen1189	CC-BY 4.0
821ea1ee87484b608b226a73303bc25d	Lampada in bronzo	Luci	Lamp	40	0	75	Tomas Rubianes	CC-BY 4.0
dce5a98e2e3c4d5bb6ffa09adc57d2e8	Radio giradischi vintage	Elettrodomestici e TV	Appliance	60	0	60	Warkarma	CC-BY 4.0
ed8577a03a0148e68e9c1c9dcd59dacc	Grammofono	Elettrodomestici e TV	Appliance	45	0	75	Artieee	CC-BY 4.0
bcd322567e4447b383773e4465004786	Giradischi a valigetta	Elettrodomestici e TV	Appliance	45	0	75	synthieart	CC-BY 4.0
71edd9efc26548758924ec455ac4a197	Statua di donna	Decori	Plant	40	0	0	3dhdscan	CC-BY 4.0
5700b45309a04d1f93de859bf44da6b0	Scultura del pensatore	Decori	Plant	45	0	0	3dhdscan	CC-BY 4.0
1f60399f99304ff087274e0e39352389	Scultura in bronzo	Decori	Plant	30	0	0	Moøkan	CC-BY 4.0
36bb9a6e62ab4b88b7154c41489b5f41	Fontana decorativa	Esterni	Plant	60	0	0	timeframes	CC-BY 4.0
a3467b35348244b6a26897d46f218f86	Candelabro in ferro	Decori	Plant	40	0	75	NeverSleep	CC-BY 4.0
c5b1ca5b8492426199932f6b1a64a4d9	Candeliere	Decori	Plant	20	0	75	matoteus	CC-BY 4.0
9d46daabbefe4b4eab74d9da349dd015	Candele decorative	Decori	Plant	25	0	75	Leon_dp	CC-BY 4.0
dd8b8bd637b5420badb323d5ec82a948	Lampadario a candele in ferro	Luci	Lamp	70	0	soffitto	Kevin.Popescu	CC-BY 4.0
c408568208c4461fa9c7d54cafe4d1de	Candeliere in ottone	Decori	Plant	15	0	75	Yury Misiyuk	CC-BY 4.0
8a3fb1f7fe9a483aa96b6f7b0969b7a4	Ombrellone nero	Esterni	Plant	250	0	0	spatialfree	CC-BY 4.0
5dc4ca7d607c495bb82eca3d0153cc2c	Ombrellone bianco	Esterni	Plant	250	0	0	neutralize	CC-BY 4.0
3da333ade95d47919ece6934f84cdccb	Ombrellone rosa	Esterni	Plant	250	0	0	YANGGA	CC-BY 4.0
fb0a0301abf6431485b70e497aa3f5bc	Tappetino da bagno bianco	Bagno	Rug	80	0	0	zeg.ai	CC-BY 4.0
2da99ed95c684f069509e8f12c012311	Tappetino azzurro	Bagno	Rug	80	0	0	Furniture	CC-BY 4.0
f5836f1fadd54919be5ce641182fd386	Tappetino grigio	Bagno	Rug	80	0	0	MartyBrosevelt	CC-BY 4.0
e782565e1f2349c39bd2e565f440fa17	Tappetino in spugna	Bagno	Rug	80	0	0	Emm (Scenario)	CC-BY 4.0
c36387d3c0e04b0b97d5757bc8601879	Tappetino rosa	Bagno	Rug	80	0	0	alemoso	CC-BY 4.0
64d111cec3d842f09cbb8c68b1e49c8d	Pouf a sacco viola	Soggiorno	Armchair	90	0	0	AleixoAlonso	CC-BY 4.0
a77f888bac654f8191442e74f0db4e7a	Pouf a sacco marrone	Soggiorno	Armchair	90	0	0	ArnoldE	CC-BY 4.0
bee48f52ffe5407fab1f0f8b206f4424	Pouf a sacco rosso	Soggiorno	Armchair	90	0	0	Blerim Arifi	CC-BY 4.0
abeafbc37d6446058e1be53e67e0baef	Materasso da pavimento	Camera	Bed	120	0	0	JoelGodin	CC-BY 4.0
2983d92ac4e744f485492580ca7629f2	Venere di Milo	Decori	Plant	40	0	0	SMK – National Gallery of Denmark	CC0
e6a846a1ab9149d3a0614c7b82bcc8eb	Buddha	Decori	Plant	60	0	0	Minneapolis Institute of Art	CC0
7fa78479a63b4358bd1edeba44f8266f	Statua classica	Decori	Plant	40	0	0	Frédérique Bertrand - 3D Imago Urbis	CC-BY 4.0
626caadfc8e34042805f9eb230fd7246	Il bacio	Decori	Plant	50	0	0	Moshe Caine	CC-BY 4.0
4e9f8bfcb1df4e268d567a33cdd90e07	Statua egizia	Decori	Plant	40	0	0	3dzip	CC-BY 4.0
0adb377236c84c55be35878cc4d2a18a	Statua in terracotta	Decori	Plant	35	0	0	Cleveland Museum of Art	CC-BY 4.0
f0742791a0ea432db1f432c24de83867	Schedario in metallo	Studio	Cabinet	50	0	0	Dmitriy Mitroshin	CC-BY 4.0
cd6f9016db8644129af1b6026f9e46bd	Schedario bianco	Studio	Cabinet	50	0	0	Brandon Westlake	CC-BY 4.0
f47db77d09fa4b9ca59927b02e2b33e9	Cassa bluetooth	Decori	Plant	25	0	75	Ndeg0101	CC-BY 4.0
e5b01c717dbd4244b861168eddd67375	Tende con mantovana	Decori	Cabinet	200	0	20	UROD Engine	CC-BY 4.0
a83e1baf822a4442b0f50ed70d449198	Tende bianche	Decori	Cabinet	200	0	20	Heliona	CC-BY 4.0
3bcbef09de9846069745893615aae970	Tende bordeaux	Decori	Cabinet	200	0	20	TabbieCat	CC-BY 4.0
b9e55f04b6dc442fb3bebbab253460e7	Tenda a pannello	Decori	Cabinet	120	0	20	lugsserg	CC-BY 4.0
7220e93b3ad14f218dfbed7acff2e184	Finestra con tende rosse	Decori	Cabinet	140	0	20	batu.eken	CC-BY 4.0
7187bae2a1944e2ab5b9c91b400558f1	Tende di lino	Decori	Cabinet	180	0	20	miranda.j.rice	CC-BY 4.0
5c03f6b1082a4decb33ae7511209271a	Cassa hi-fi	Elettrodomestici e TV	Appliance	35	0	0	TheGiwi	CC-BY 4.0
f3209a6a45b844df92560099f982a508	Cassa acustica a colonna	Elettrodomestici e TV	Appliance	30	0	0	Sousinho	CC-BY 4.0
0cec59ff9bc543aea3cdd573a81d102a	Tenda su bastone	Bagno	Cabinet	120	0	0	Batuhan13	CC-BY 4.0
389af5f531e6447cbf399ad7d7761672	Portasciugamani a muro	Bagno	Cabinet	70	0	120	alkatebhaidar	CC-BY 4.0
5fefd235b77b4fb0a6bd5db14528d610	Portasciugamani a barra	Bagno	Cabinet	60	0	100	termagroup	CC-BY 4.0
aeb46a14b5e44f63a879e8733b4f0dc4	Termoarredo	Bagno	Cabinet	60	0	0	termagroup	CC-BY 4.0
5d546ab0efde48b2a292845b2b32dcbe	Zerbino beige	Tappeti	Rug	80	0	0	Francesco Coldesina	CC-BY 4.0
962a1b6e639e4b1e8279bcf0280ec8cb	Zerbino marrone	Tappeti	Rug	80	0	0	joe_carrot	CC-BY 4.0
7c4651bb7bbe490aa2d0f8c9a1ac7bf0	Tappeto orientale arancio	Tappeti	Rug	180	0	0	IronEqual	CC-BY 4.0
d3252312d8604362bd3757346a2b60f9	Tappeto grigio	Tappeti	Rug	200	0	0	leroymerlinbrasil2	CC-BY 4.0
16171d58cb2c482299544c4bc3f59bdc	Lavagna bianca	Studio	Tv	100	0	100	Ms Malvolio	CC-BY 4.0
575ceb9897984adb842dc3c163c33d21	Tappeto persiano rosso	Tappeti	Rug	250	0	0	leroymerlinbrasil2	CC-BY 4.0
a5feb56f36514b8fa9766d75735ff785	Lampada verde a fungo	Luci	Lamp	40	0	75	MAR.COS.	CC-BY 4.0
c277c4d1742b4f118becbfefd325ce71	Lampada da terra vintage	Luci	Lamp	40	0	0	aya.albayati	CC-BY 4.0
9c97e41b7e4345ecb3796500e036eae7	Lampada da banchiere verde	Luci	Lamp	30	0	75	metagrundierung	CC-BY 4.0
77774d22076940aa8484e053bb14947a	Lampione da giardino in legno	Esterni	Lamp	40	0	0	MATTEPOP	CC-BY 4.0
317dac94ec404bdbaa6d41a85e04f51c	Lanterna appesa	Luci	Lamp	30	0	soffitto	Thunder	CC-BY 4.0
de117a96fe844cf3b0fc3534eea1dadd	Sedia rustica	Pranzo	Chair	50	0	0	Burrito	CC-BY 4.0
0ecb3119b8894cc1baaacd0830b55b3b	Sedia bianca classica	Pranzo	Chair	50	0	0	Blender3D	CC-BY 4.0
cb43e2abac66494d81e1e7116eb47043	Sedia rosa	Pranzo	Chair	50	0	0	Maycho	CC-BY 4.0
d2785b57e7da45858f2fe8bf4dedd68d	Sedia in faggio	Pranzo	Chair	50	0	0	杭州维界科技有限公司	CC-BY 4.0
ed8d17407c75443d8ad6eb4045cfafa4	Sedia classica	Pranzo	Chair	50	0	0	soychicken0212	CC-BY 4.0
019131b6267246bfa44afe60eca5cceb	Sedia alta scura	Pranzo	Chair	50	0	0	Karyu	CC-BY 4.0
7e46ca9ebbb24affa9ac348886481dbe	Sedia bianca e grigia	Pranzo	Chair	50	0	0	DUCK_	CC-BY 4.0
3fdcc5bc702d40f6bfee171e7046e32d	Sedia Tolix	Pranzo	Chair	50	0	0	allenbranch	CC-BY 4.0
dfb7c3b51e264b5083dc28450e55c2a0	Sedia scandinava	Pranzo	Chair	50	0	0	Dyslexic3	CC-BY 4.0
39059edc24d547f393c91856606e25da	Poltroncina bianca	Pranzo	Chair	50	0	0	313stuff	CC-BY 4.0
8d8bd092c4294c55ac726666306365d3	Tavolino quadrato grigio	Soggiorno	Table	110	0	0	Lasse Harm	CC-BY 4.0
d5aa77e6835a44bb90a28cbd5ea64249	Tavolino alto in legno	Soggiorno	Table	45	0	0	ilyafom1	CC-BY 4.0
d53bd92890934d249d4ea2e099ae0461	Tavolo tondo scandinavo	Pranzo	RoundTable	110	0	0	Carlos Ramirez Montoya	CC-BY 4.0
928d285bcb684da19dddb2f684b5238f	Tavolo tulipano	Pranzo	RoundTable	90	0	0	allenbranch	CC-BY 4.0
6f79223d321047059e1032c78b1b00a5	Tavolo design	Pranzo	Table	200	0	0	Gulin	CC-BY 4.0
a9917037f0c643dbbde0475b59bc53b1	Tavolino ovale	Soggiorno	Table	110	0	0	dsspicer	CC-BY 4.0
71b53eaee72e4a829a9256a7bcfb7dab	Cactus in vaso	Piante	Plant	40	0	0	Spacyy	CC-BY 4.0
c626625486104768a6cab5eb4ecf9cf3	Pianta grassa in vaso viola	Piante	Plant	40	0	0	Misa	CC-BY 4.0
9155b2b4be5f452a98837459112a3b9b	Aloe in vaso	Piante	Plant	40	0	0	nannchee	CC-BY 4.0
d820c1b9dc154d4a9c5d2654d8086991	Vaso in terracotta	Piante	Plant	40	0	0	Dacoher	CC-BY 4.0
4f756b99f9714b1996b9de5b1595905e	Divano letto bianco	Soggiorno	Sofa	200	0	0	3D SHARE 2	CC-BY 4.0
045e3304139b4db79918972ce228c933	Divano letto rosa	Soggiorno	Sofa	200	90	0	kEam	CC-BY 4.0
f5c0e9f929a24f4d9266394c10695632	Divano angolare grigio	Soggiorno	CornerSofa	260	0	0	vegu	CC-BY 4.0
d98b324e7f1f4e0e8675e0c1d59bd1c1	Chaise longue gialla	Soggiorno	Sofa	160	0	0	maxdivani	CC-BY 4.0
d5f09b60f26f4d4680a001d0f8d73f06	Letto con cassetti	Camera	Bed	205	0	0	rhcreations	CC-BY 4.0
e81c12b73b44472cbcc262069c03fc45	Letto a castello bianco classico	Camera	Bed	200	0	0	Em3D	CC-BY 4.0
811d4d00678349f4a4f330502e87b218	Letto a castello curvo	Camera	Bed	200	0	0	JeanLescano	CC-BY 4.0
d7e9ba33da2b4a1c88b0100793f36e88	Letto in metallo con coperta	Camera	Bed	205	0	0	Ratart.vbes	CC-BY 4.0
cb6ddf30023c480fb0476fc96af00504	Microonde grigio	Cucina	Appliance	50	0	90	Full Quest	CC-BY 4.0
08fe832848c74d3a9dab4a87b66297b1	Microonde classico	Cucina	Appliance	50	0	90	ezgi bakim	CC-BY 4.0
627f07ff02df45259f86ad74c30f6745	Microonde blu	Cucina	Appliance	50	0	90	Pablo Ramacciotti	CC-BY 4.0
2bbfa4c7c546480fa1f7855aabaa10ad	Tavolo in legno chiaro	Pranzo	Table	140	0	0	tahax	CC-BY 4.0
c66c5ca931344e44ad7232153727519e	Tavolo ovale in noce	Pranzo	Table	140	0	0	NiklasG	CC-BY 4.0
e7cc557fd77744b79fc2cac3762aa6a3	Tavolo bianco moderno	Pranzo	Table	140	0	0	Frederic Borries	CC-BY 4.0
9e19bc36beef4093a067f6cc1f1aced8	Tavolo bianco classico	Pranzo	Table	140	0	0	illarionov.school	CC-BY 4.0
db9344bf45ca434fbdf4dcefab54e5c2	Tavolo grigio scuro	Pranzo	Table	140	0	0	martin.constable	CC-BY 4.0
cdefddeef92940089d02bf3ee76fa9e5	Camino in legno scuro	Soggiorno	Cabinet	130	0	0	AnnaBelle Fibonacci	CC-BY 4.0
e9854400c0c1410db01c8db897ef5359	Camino in marmo	Soggiorno	Cabinet	130	0	0	Mark Bai	CC-BY 4.0
7faeeb07b170406692befc0065790fa9	Camino a legna	Soggiorno	Cabinet	130	0	0	Francesco Coldesina	CC-BY 4.0
c95276929eda4cfb842f73d29b071893	Camino bianco	Soggiorno	Cabinet	130	0	0	Narutonic	CC-BY 4.0
c4ea42b0c5b745fb83d095281df54a5d	Sgabello in legno chiaro	Pranzo	Chair	40	0	0	Zian	CC-BY 4.0
4f32af3b4d3f4e41aecaa9d8f4d76ca5	Tavolino intagliato	Soggiorno	RoundTable	50	0	0	euanford12321	CC-BY 4.0
3224038611c94142bf382861ee816119	Sgabello rustico	Pranzo	Chair	40	0	0	mohammed melaisi	CC-BY 4.0
1b5f52a5181942ccb5415f1a4ff4ea3c	Sgabello da bar	Pranzo	Chair	40	0	0	PConolly	CC-BY 4.0
feef9e9f20d442a79023b232c38fb9b3	Tavolino tondo in legno	Soggiorno	RoundTable	70	0	0	Cynerix	CC-BY 4.0
7d8c777573e7447697da14620ca482e5	Sgabello bianco	Pranzo	Chair	40	0	0	michaelroe	CC-BY 4.0
666b7ae891ed4564bc3ac3988d854354	Armadio scuro basso	Camera	Cabinet	120	0	0	yellokab	CC-BY 4.0
05a035c3347645b8a7ceb6d65f825ac3	Armadio con specchio	Camera	Cabinet	120	0	0	klaxoneer	CC-BY 4.0
3597a7a470ac4f81b1b362eea66f4d6f	Armadio verde salvia	Camera	Cabinet	120	0	0	jimbogies	CC-BY 4.0
dc76cf85a7cf4829a4694d6ba4a570b2	Armadio in noce	Camera	Cabinet	120	0	0	neverfollow81	CC-BY 4.0
70b7b418af714050aa83e99deb2253b7	Armadio intagliato scuro	Camera	Cabinet	120	0	0	JmCVoyager	CC-BY 4.0
32df7385c866435497f5a01954422429	Poltrona in pelle beige	Soggiorno	Armchair	85	0	0	Gravity Jack	CC-BY 4.0
124297e7e4574c48b9c1b814b6ddf516	Poltrona capitonné bordeaux	Soggiorno	Armchair	85	0	0	ferhatsen	CC-BY 4.0
aedb9509ef9347a5b055e02deeadeff7	Poltrona in pelle cuoio	Soggiorno	Armchair	85	0	0	mustafasahinfb	CC-BY 4.0
da6d646358d1451fa751f1a9141290a3	Poltrona rosa cipria	Soggiorno	Armchair	85	0	0	HannaPachurka	CC-BY 4.0
69f1c0489a144f3c98e66dcfe72b3969	Poltrona tortora	Soggiorno	Armchair	85	0	0	yezzyx	CC-BY 4.0
c603a9922c6a4e77ab2306590f536ad6	Poltrona grigia	Soggiorno	Armchair	85	0	0	jQueary	CC-BY 4.0
03765a7e66374ec7b3fa18749795189a	Televisore su gambe	Elettrodomestici e TV	Tv	100	0	0	BazukaliKartal	CC-BY 4.0
ea7123d1875446b4a336abc653c55580	Mobile TV anni '50	Elettrodomestici e TV	Tv	100	0	0	Jonathan Brown	CC-BY 4.0
f93bb826f374423681a4772a3c49c1df	Televisore in legno	Elettrodomestici e TV	Tv	100	0	0	AndreasSmidt	CC-BY 4.0
933fdfca5aa749d19b0750dc08bb0592	Televisore portatile vintage	Elettrodomestici e TV	Tv	40	0	50	burunduk	CC-BY 4.0
061241020d7c42deacdd6b9ec5073c0c	Televisore retrò	Elettrodomestici e TV	Tv	50	0	50	Sergi Trojanski	CC-BY 4.0
cf964a1ff455478ba65771400a4ea1ab	Specchio da terra	Decori	Cabinet	70	0	0	eucocker	CC-BY 4.0
fb67431f304c464fb47904e94c3a3a50	Specchio barocco	Decori	Cabinet	90	0	110	JmCVoyager	CC-BY 4.0
a9d4471a881e4f19ab44dd0ab42174f8	Specchio capitonné	Decori	Cabinet	70	0	100	Dream Land	CC-BY 4.0
d85091d6801a46d2ae1654c0ba8f8af3	Specchio con cornice scura	Decori	Cabinet	70	0	100	Juan Carlos	CC-BY 4.0
325c36e2e1bd4893bc412642a81afd1f	Specchio in stile impero	Decori	Cabinet	60	0	100	luardimensi	CC-BY 4.0
5c7a3cbfb625422e8087090b9aa2c628	Libreria grigia	Soggiorno	Cabinet	100	0	0	jesseroberts	CC-BY 4.0
b8792d1b3acf4081b0f173497d19d08b	Libreria antica	Soggiorno	Cabinet	100	0	0	XialiMu.Bell	CC-BY 4.0
c041c4bfae76413485e5b221872372f5	Libreria credenza	Soggiorno	Cabinet	100	0	0	mediochrea	CC-BY 4.0
7529a61d0cc043fd81ff986b8a8ad784	Libreria in legno	Soggiorno	Cabinet	100	0	0	SantyFrow	CC-BY 4.0
8ead067881a64a7a81d94d2e6bf40d22	Sedia a dondolo in legno scuro	Soggiorno	Armchair	65	0	0	Thomas Bauer	CC-BY 4.0
381e38bcf5b142ebad2c26df44d8cd11	Sedia a dondolo grigia	Soggiorno	Armchair	65	0	0	Intee Assets	CC-BY 4.0
aad16a6c11fd4321b515f3292f45844b	Sedia a dondolo in cuoio	Soggiorno	Armchair	65	0	0	Kotyrlo_Vitalii	CC-BY 4.0
bb0cefbeac234c268ea43fef6974d42b	Sedia a dondolo gialla	Soggiorno	Armchair	65	0	0	uripb	CC-BY 4.0
db49335b96b94c4da10892f09ff6ee0c	Sedia a dondolo bianca	Soggiorno	Armchair	65	0	0	Hashim Wilson	CC-BY 4.0
24d8b2e005524aff82607e63e8eeb9ed	Poltrona a dondolo in legno	Soggiorno	Armchair	65	0	0	JamalBenjamin	CC-BY 4.0
41c181cbec8c4af4ad4b32b90acebd51	Vaso verde	Decori	Plant	30	0	0	Luiz.Valore	CC-BY 4.0
69643553cb794eec90a5d633ddbb504d	Vaso bianco panciuto	Decori	Plant	30	0	0	samene	CC-BY 4.0
d4be9b208b1b4f238692875d83286a58	Vaso lilla	Decori	Plant	30	0	0	JeremyW	CC-BY 4.0
bb0d4e90dfde4cd58076859edf0a129d	Vaso bianco	Decori	Plant	30	0	0	miccoro.virtual	CC-BY 4.0
cc812eaa7c9f4e81929d6697a03b22de	Vaso rosa antico	Decori	Plant	30	0	0	uzumy123	CC-BY 4.0
a12d3ae76e3944428f14e5b15d4f0efd	Letto in legno chiaro	Camera	Bed	210	0	0	toAflame	CC-BY 4.0
d1d7750af5144d1bb7d9fcc66b137c4c	Letto in ferro blu	Camera	Bed	210	0	0	ilyafom1	CC-BY 4.0
3603cf85c49e4323a93b62db0258b36f	Letto imbottito rosa	Camera	Bed	210	0	0	mspurlock1	CC-BY 4.0
5d3a99865ac84d8a8bf06b263aa5bb55	Letto in ottone	Camera	Bed	210	0	0	barism09	CC-BY 4.0
2bd3fcc82c9f43cfb0c8cf26c7d0107c	Letto con testiera nera	Camera	Bed	210	0	0	olamii	CC-BY 4.0
b547d81073b64d3e97200fd3ae9a74af	Letto singolo in legno	Camera	Bed	205	0	0	Mifu Saja	CC-BY 4.0
421e9b3fb95142a6b46c96408c45d263	Divano letto grigio	Soggiorno	Sofa	220	0	0	fareedkoorniawan	CC-BY 4.0
048a7e91bec24ed182671874b7cb6a47	Divano angolare antracite	Soggiorno	CornerSofa	260	0	0	Inlegeartis	CC-BY 4.0
5f59503760e646759acd1002ec585b44	Divano angolare grigio chiaro	Soggiorno	CornerSofa	280	90	0	Emagine	CC-BY 4.0
b70e7b02af84436d8a2563a74bdb0dc8	Divano classico bianco	Soggiorno	Sofa	220	0	0	s.mostafa.hussaini	CC-BY 4.0
c03d8b43ea2a455eb9f101eef1f0d95f	Pendolo in mogano	Decori	Cabinet	50	0	0	Carl-HeinzLangley	CC-BY 4.0
88fc39bb6b094ecb99eb2bc4e51576a0	Pendolo moderno	Decori	Cabinet	50	0	0	sedona1029	CC-BY 4.0
d7bb2fb4f20149eab367d6ff90824f16	Sveglia vintage	Decori	Plant	15	0	55	andree	CC-BY 4.0
8925787ea2a44f238f0c4ca745f2bcc9	Pendolo antico	Decori	Cabinet	50	0	0	Anton Michel	CC-BY 4.0
00b360de1846428eb5c23464824c5fc8	WC classico	Bagno	Toilet	65	0	0	allenbranch	CC-BY 4.0
c901dfa120a0487a9f5c9a2d241f70ab	WC bianco	Bagno	Toilet	65	0	0	Gamedirection	CC-BY 4.0
e9edbd0c027c4f648e1405df96670cc1	WC nero	Bagno	Toilet	65	0	0	Tukutimur	CC-BY 4.0
5e87752d56cd45bebaeac48ba934aaa4	WC compatto	Bagno	Toilet	65	0	0	sskjellestad	CC-BY 4.0
2353e9b40c4d404db33d18677848f68d	Scrivania ufficio a L	Studio	Desk	180	0	0	ofismobilyalari	CC-BY 4.0
815bd9cee3644f3f8996b4a6d123c7c3	Scrivania bianca	Studio	Desk	140	0	0	spckmm	CC-BY 4.0
b930438e1f804c409fd9c3f5e4b01628	Scrivania in mogano	Studio	Desk	150	0	0	mhd.ayoub.chikhani	CC-BY 4.0
76f7abaa49014cc8a9e2aab39cabf628	Scrivania con computer grigia	Studio	Desk	140	0	0	linus1178	CC-BY 4.0
8fda709c6b2646a49f884d130c0c86da	Scrivania in noce	Studio	Desk	150	0	0	杭州维界科技有限公司	CC-BY 4.0
724d93a7f3644f96909e8c55909c6418	Set da pranzo grigio	Pranzo	Table	200	0	0	Sahramin	CC-BY 4.0
98413ebb22084d01bdc286a56da5900f	Set da pranzo in ferro	Pranzo	Table	160	0	0	christianseq	CC-BY 4.0
d7afff23c741411c82a5994ae9940669	Tavolo in legno massello	Pranzo	Table	200	0	0	CioJay	CC-BY 4.0
4565942629194e1da2965d3fe499d0e4	Termosifone bianco	Elettrodomestici e TV	Cabinet	80	0	0	Pascal Garten	CC-BY 4.0
67bc83d3e71a432180833eabc4c29906	Termosifone piatto	Elettrodomestici e TV	Cabinet	80	0	0	Conviley	CC-BY 4.0
4bd88ffe2b1e4ed88249a86f4f6304c2	Termosifone decorativo	Elettrodomestici e TV	Cabinet	80	0	0	termagroup	CC-BY 4.0
da037ebf427e48ca8f62321beb464ede	Termosifone a colonne bianco	Elettrodomestici e TV	Cabinet	80	0	0	Dikart	CC-BY 4.0
ff5d26dc548944f99dffb4262684bdbe	Pouf in pelle nera	Soggiorno	Armchair	80	0	0	xploid	CC-BY 4.0
8d23019e11a64894a8cdbb30e36bf1d6	Pouf tondo bordeaux	Soggiorno	Armchair	60	0	0	RoninArtist	CC-BY 4.0
0a25fb69fc634713acffec225ac8fa70	Pouf nero	Soggiorno	Armchair	80	0	0	ThirtysixLab	CC-BY 4.0
8d379e0e7edf4b9b82258c024c634618	Pouf antracite	Soggiorno	Armchair	80	0	0	ion_omat	CC-BY 4.0
cfad2e0388d248ccad1480ce784801f4	Pouf bianco	Soggiorno	Armchair	50	0	0	virtuastate	CC-BY 4.0
2e24c83d4d354f90abf93148ce57914d	Mobile alto in legno	Soggiorno	Cabinet	90	0	0	BaileyBrian	CC-BY 4.0
9c5db5a2d10c4dd59c5be947187ce367	Credenza rustica	Soggiorno	Cabinet	130	0	0	Interiors3D	CC-BY 4.0
b7e25d2b684747c08e90b8cf446bdb43	Libreria stretta	Soggiorno	Cabinet	50	0	0	marti3D	CC-BY 4.0
a73426836efc4ebb86786f265c871875	Vetrina bianca	Soggiorno	Cabinet	130	0	0	Interiors3D	CC-BY 4.0
fb098cf166c141d0ae3e7348788cdd5a	Vetrina con ante	Soggiorno	Cabinet	80	0	0	Interiors3D	CC-BY 4.0
b1a6eed00f1246d9b8f8f08003c59362	Mobile vetrina chiaro	Soggiorno	Cabinet	70	0	0	Vigneshwar	CC-BY 4.0
f76c502218884914a27148f656a9b656	Lavabo bianco	Bagno	Sink	60	0	0	neutralize	CC-BY 4.0
34b12514108a4ffd897c9324a4a35858	Lavabo quadrato in acciaio	Bagno	Sink	60	0	0	Stala	CC-BY 4.0
fe63d70a5f5145788cb9b1e3c47ac3c2	Lavello nero a una vasca	Cucina	Sink	80	0	85	Stala	CC-BY 4.0
6458ac945c14458a8e5f4a470495f042	Lavello nero compatto	Cucina	Sink	60	0	85	Stala	CC-BY 4.0
01dac0f367544b28a32ef3e276e3106e	Lavello grigio	Cucina	Sink	80	0	85	Stala	CC-BY 4.0
1fdb702ad88e41e2b90a5af4037bbfd3	Lavello da incasso	Cucina	Sink	60	0	85	Stala	CC-BY 4.0
f8def3c5f656454c935fe3d626ed9fab	Divano azzurro polvere	Soggiorno	Sofa	210	0	0	MozillaHubs	CC-BY 4.0
9a2c5ed79d634a61b1166836a8a5530f	Divano giallo	Soggiorno	Sofa	210	0	0	furnny	CC-BY 4.0
b1155b5ebd7c478bb0d35747c2211e5f	Divano grigio con cuscini	Soggiorno	Sofa	210	0	0	kendra024	CC-BY 4.0
f0ff385edd4f4a9ebac56d755c2f6634	Divano angolare fucsia	Soggiorno	CornerSofa	200	0	0	jucabal1984	CC-BY 4.0
84426d6537ac4cdc837d602ccabe7036	Panchina in ferro	Pranzo	Chair	140	0	0	DutraBR98	CC-BY 4.0
a6da0dff0f9b4a5a8e821c40b370a98f	Panchina verde	Pranzo	Chair	140	0	0	vojtaklemperer	CC-BY 4.0
f74804052fe54f14bd5e2621e6a85505	Panchina classica	Pranzo	Chair	140	0	0	Sergey	CC-BY 4.0
1c0092759dfe4182b952080ffd404071	Panca in legno	Pranzo	Chair	140	0	0	Sergey	CC-BY 4.0
fd4d821a9e5f46cab786d4530133fc30	Panca in legno massello	Pranzo	Chair	140	0	0	PT34	CC-BY 4.0
5a0ba464174e4dbe94aecfe1a036ca6a	Frigorifero vintage aperto	Cucina	Appliance	70	0	0	LongLight	CC-BY 4.0
ebe62ed6dd9b446a9c9b7d7d6a8086e7	Frigorifero side by side	Cucina	Appliance	90	0	0	Smokahontas	CC-BY 4.0
72cc36a8e0fa44d4b57a516c52d41418	Frigorifero antracite	Cucina	Appliance	70	0	0	Pixel-bit	CC-BY 4.0
5adb3486557b46eaab0e1ab643709a9c	Frigorifero bianco classico	Cucina	Appliance	70	0	0	neeldesai2016	CC-BY 4.0
68d69bbf7a454a09a2536ac0762532f3	Frigorifero retrò	Cucina	Appliance	70	0	0	golddog	CC-BY 4.0
5b08596fac96400a93071791bb5cc93b	Cucina componibile	Cucina	Cabinet	300	0	0	Blaž Mraz	CC-BY 4.0
a1b5ac526b7a4fefa178fbe84e2c4045	Lavello in acciaio	Cucina	Sink	90	0	85	jimbogies	CC-BY 4.0
4ff4cf0cedd54b1aa63be8f376d9cb87	Lavello bianco	Cucina	Sink	90	0	0	Jarad Fraser	CC-BY 4.0
a6792027730c4ac6bf13accc31f717f8	Mobile lavello	Cucina	Sink	90	0	0	GrillPork	CC-BY 4.0
20880b3810a7458e8e5257f249ccb65b	Lampada a paralume grigio	Luci	Lamp	35	0	75	Homak	CC-BY 4.0
14b98b39474e49b49f0421b086a749aa	Lampada da terra sottile	Luci	Lamp	40	0	0	Peter Primini	CC-BY 4.0
ad2918dd374c486fb5a09f47038a67c5	Lampada con paralume plissé	Luci	Lamp	40	0	75	Alvin Suen	CC-BY 4.0
5c719ba3c87a4734af4814e91e658395	Lampada classica	Luci	Lamp	35	0	75	Lustron.ru	CC-BY 4.0
2349ad91f46449079d909598db140528	Armadio stretto	Camera	Cabinet	150	0	0	Nelesh_surve	CC-BY 4.0
4112e07e262842c6b7070aa1505505c3	Colonna libreria	Camera	Cabinet	150	0	0	Interiors3D	CC-BY 4.0
fc042d9a11b44df0af7ff4acff9a8ff7	Mobile soggiorno	Camera	Cabinet	150	0	0	IronEqual	CC-BY 4.0
7838304674bf443cb7e2701e2126f65c	Armadio in ciliegio	Camera	Cabinet	150	0	0	MadIsleGames	CC-BY 4.0
8dcac6d785b342cfacb24816250c25b9	Tavolo grande con sedie	Cucina	Table	240	0	0	syedasifahmed198	CC-BY 4.0
ae8d2e995ea34c559693b6fef4125e28	Tavolino con brocca	Cucina	Table	120	0	0	jgrounds	CC-BY 4.0
b0a9b607c7d54d08a06204230f6da30a	Tavolo in legno rosso	Cucina	Table	120	0	0	Niko313	CC-BY 4.0
cbc5b979f7bf423bac0b4a0e8eef39f2	Tavolo bianco da cucina	Cucina	Table	120	0	0	anna2072076	CC-BY 4.0
e3072ceec1a94fa29c531f930b637210	Credenza in legno chiaro	Cucina	Cabinet	120	0	0	jesusgutierrezc	CC-BY 4.0
1bf6da131b5448f9a65d5a5933b1a432	Credenza grigia classica	Cucina	Cabinet	120	0	0	wood-cutter	CC-BY 4.0
be7165ffadad4063a14f9a30ba05d5ea	Credenza bianca aperta	Cucina	Cabinet	120	0	0	ООО Центр мебели "Интерлиния"	CC-BY 4.0
1501ea1ea68d460695204afda016aac3	Mobiletto in legno	Cucina	Cabinet	120	0	0	GhulamRasool201	CC-BY 4.0
6df3fcc1561c4a26910ea52919f66fb8	Lampadario di cristallo azzurro	Luci	Lamp	80	0	soffitto	Platrium	CC-BY 4.0
366b50081c884690bb2ce4df6dacad59	Lampadario in legno	Luci	Lamp	70	0	soffitto	Davor Mulalic	CC-BY 4.0
bf18bfd89efd43389781050230467d58	Lampadario con paralumi	Luci	Lamp	80	0	soffitto	fedomo.ru	CC-BY 4.0
c03e397ecc9a44409733432b628b8cb9	Lampadario con paralumi grigi	Luci	Lamp	70	0	soffitto	fedomo.ru	CC-BY 4.0
bb7a2a67379b45ccbe43a47165cfca05	Lampadario in ottone sottile	Luci	Lamp	70	0	soffitto	MML0385	CC-BY 4.0
147aa33aaa684853bef880314176ee4b	Pianoforte verticale scuro	Soggiorno	Cabinet	150	0	0	nikolia	CC-BY 4.0
1b6a4e6db7c64b6fa932b189aa694874	Pianoforte verticale classico	Soggiorno	Cabinet	150	0	0	filthycent	CC-BY 4.0
62a09b0a7c094e5585f2057d64ee31f9	Pianoforte verticale nero	Soggiorno	Cabinet	150	0	0	Aid	CC-BY 4.0
915fffa0a7d943d0980c835784340c77	Comodino antico	Camera	Cabinet	50	0	0	eucocker	CC-BY 4.0
15562ed7b1d24a7a842d971f6555216e	Cassettiera bianca moderna	Camera	Cabinet	110	0	0	allenbranch	CC-BY 4.0
ae54ed6897e7487484f96e0aae64d39d	Cassettiera aperta	Camera	Cabinet	110	0	0	Henry VIII	CC-BY 4.0
d7907af6fe0e486499d5e0290b426d51	Comò bianco	Camera	Cabinet	110	0	0	Interiors3D	CC-BY 4.0
f307352dc4a54b669f9d9cd3c93115c2	Comodino con cassetti	Camera	Cabinet	55	0	0	Pavel Kuzmin	CC-BY 4.0
8cbc2e814ae642abaa938deb4f6f245a	Comò scuro	Camera	Cabinet	110	0	0	StacyLoveless	CC-BY 4.0
b306d3d3e23a4eb2838e76fac3d7c097	Poltrona da relax capitonné	Soggiorno	Armchair	90	0	0	rayenhaha	CC-BY 4.0
869fec02329b44f29b50ce81444689a2	Divano modulare bianco	Soggiorno	Sofa	140	0	0	ivushka	CC-BY 4.0
dc3f65d227f74bb5ba34168a607eca66	Poltrona blu design	Soggiorno	Armchair	90	0	0	yudhiarma	CC-BY 4.0
19b60335538b4377b57537884341ebb0	Poltrona classica grigia	Soggiorno	Armchair	90	0	0	Ms. deBoisblanc	CC-BY 4.0
cc917494333f4d19aad507388badabe9	Poltrona con cuscino	Soggiorno	Armchair	90	0	0	DannyRWDT	CC-BY 4.0
2ffa30f8ef5c4e19af9ffe6c6570fe30	Poltrona di design	Soggiorno	Armchair	90	0	0	Lulu Hadid	CC-BY 4.0
b10785bcfc6e46a080614293c3ff6e1c	Cucina professionale	Cucina	Hob	120	0	0	allenbranch	CC-BY 4.0
68e164f1a9414c29820ac2eaf6d8ac04	Cucina retrò azzurra	Cucina	Hob	60	0	0	IronEqual	CC-BY 4.0
8a983b17bc484fedbc1ead6eb61b55b5	Piano cottura bianco	Cucina	Hob	60	0	0	AyunFat	CC-BY 4.0
f73f09fba1b040b1a35ce31d0f5f81e7	Cucina bianca	Cucina	Appliance	60	0	0	Daniel O'Neil	CC-BY 4.0
9fbcb44010cf4a1a9eb3885f80d80a95	Forno bianco	Cucina	Appliance	60	0	0	leifer.kopf	CC-BY 4.0
ab462630d90d45e29e91c2d4180f3529	Lavastoviglie	Cucina	Appliance	60	0	0	Michael Stone	CC-BY 4.0
6263c454897f4515a7eec31b958575d8	Lavatrice frontale	Cucina	Appliance	60	0	0	cosmoindustrial	CC-BY 4.0
d3e9bcba98f5440985832dd912a7f542	Divanetto grigio chiaro	Soggiorno	Sofa	150	0	0	Digital_MHC	CC-BY 4.0
44c451ae01c04b14bb8eeb43176c1da4	Divanetto Chesterfield grigio	Soggiorno	Sofa	150	0	0	IDEART	CC-BY 4.0
8a2e8ea27e6d40f0b3776cbe3a7d6101	Divanetto rosso moderno	Soggiorno	Sofa	150	0	0	tomkranis	CC-BY 4.0
81d13143d53145bda142a1711dad4cc7	Divanetto antracite	Soggiorno	Sofa	150	0	0	Emanuek	CC-BY 4.0
b29b03e9703848a99a32ee9d9b4dd7ad	Divanetto in pelle scura	Soggiorno	Sofa	150	0	0	Huggoz	CC-BY 4.0
881e233eb56a47a98309ad68158494cc	Divanetto con braccioli in legno	Soggiorno	Sofa	150	0	0	miqdame	CC-BY 4.0
0ce49e1c745e40eda529a63f2781927a	Vasca vittoriana	Bagno	Tub	170	0	0	AmongModels	CC-BY 4.0
dcd691724f6b4d29a6d16def24d14e6e	Vasca ovale	Bagno	Tub	170	0	0	tissinouk	CC-BY 4.0
f1b05ddf1b634481903e353d41b6a654	Vasca con rubinetto	Bagno	Tub	170	0	0	Vladyslav Holhanov	CC-BY 4.0
536dbfc2fdbe4dec9203ab390b9a6eda	Vasca in ottone	Bagno	Tub	170	0	0	NapoJax	CC-BY 4.0
804fa46335874949938b6dfb55d17820	Vasca con piedini bianca	Bagno	Tub	170	0	0	rhcreations	CC-BY 4.0
840ed19399d34d8099b1663796b3773b	Culla a casetta	Camera	Bed	210	0	0	IvanShpachuk	CC-BY 4.0
0eba4cbc46c0487f87e002fe23452bc7	Culla con giostrina	Camera	Bed	210	0	0	Amira Maszidi	CC-BY 4.0
